P5037453.JPG,1
P5037475.JPG,1
P5037467.JPG,1
P5037473.JPG,1
P5037462.JPG,1
P5037455.JPG,1
P5037460.JPG,1
P5037471.JPG,1
P5037480.JPG,1
P5037479.JPG,1
P5031064.JPG,3
P5037424.JPG,3
P5037432.JPG,3
P5037425.JPG,3
P5037436.JPG,3
P5037434.JPG,3
P5037431.JPG,3
P5037411.JPG,3
P5037433.JPG,3
P5037415.JPG,3
P5037429.JPG,3
P5031055.JPG,3
P5037422.JPG,3
P5031061.JPG,3
P5037428.JPG,3
P5037439.JPG,3
P5037410.JPG,3
P5037421.JPG,3
P5030950.JPG,0
P5037367.JPG,0
P5031036.JPG,0
P5037578.JPG,0
P5037585.JPG,0
P5031025.JPG,0
P5037348.JPG,0
P5031008.JPG,0
P5037567.JPG,0
P5037373.JPG,0
P5037391.JPG,0
P5030960.JPG,0
P5037396.JPG,0
P5030953.JPG,0
P5030908.JPG,0
P5037574.JPG,0
P5031020.JPG,0
P5037584.JPG,0
P5037583.JPG,0
P5031023.JPG,0
P5037361.JPG,0
P5037374.JPG,0
P5037352.JPG,0
P5037359.JPG,0
P5037580.JPG,0
P5030910.JPG,0
P5037499.JPG,0
P5031032.JPG,0
P5030961.JPG,0
P5037579.JPG,0
P5030913.JPG,0
P5030965.JPG,0
P5030915.JPG,0
P5037497.JPG,0
P5037390.JPG,0
P5037573.JPG,0
P5037368.JPG,0
P5031045.JPG,0
P5030909.JPG,0
P5037349.JPG,0
P5030930.JPG,0
P5037564.JPG,0
P5030923.JPG,0
P5030962.JPG,0
P5037591.JPG,0
P5031031.JPG,0
P5037562.JPG,0
P5030914.JPG,0
P5031027.JPG,0
P5030936.JPG,0
P5037566.JPG,0
P5031010.JPG,0
P5037586.JPG,0
P5037559.JPG,0
P5030949.JPG,0
P5030957.JPG,0
P5037357.JPG,0
P5030951.JPG,0
P5037387.JPG,0
P5037350.JPG,0
P5031034.JPG,0
P5031014.JPG,0
P5037558.JPG,0
P5031046.JPG,0
P5030938.JPG,0
P5030943.JPG,0
P5030912.JPG,0
P5030922.JPG,0
P5031013.JPG,0
P5037360.JPG,0
P5037588.JPG,0
P5037398.JPG,0
P5030911.JPG,0
P5030952.JPG,0
P5030906.JPG,0
P5037356.JPG,0
P5030956.JPG,0
P5037365.JPG,0
P5037561.JPG,0
P5037581.JPG,0
P5030944.JPG,0
P5037369.JPG,0
P5030955.JPG,0
P5030948.JPG,0
P5037537.JPG,2
P5037545.JPG,2
P5037519.JPG,2
P5037540.JPG,2
P5037531.JPG,2
P5037541.JPG,2
P5037536.JPG,2
P5037534.JPG,2
P5037520.JPG,2
P5037518.JPG,2
P5037546.JPG,2
P5037523.JPG,2
P5037517.JPG,2
P5037552.JPG,2
P5037521.JPG,2
P5037516.JPG,2
P5037553.JPG,2
P5037525.JPG,2
